product_id,title,initial_price,final_price,rating,ratings_count,quantity,total_amount
9136281,Tommy Hilfiger,2899.0,2899.0,4.5,67,4,11596.0
17633752,Lavie,2999.0,2999.0,4.4,226,5,14995.0
1376949,F Gear,1675.0,1675.0,4.4,1052,3,5025.0
13939916,MYTRIDENT,2899.0,2899.0,4.7,12,5,14495.0
17198778,H&M,1399.0,1399.0,4.5,42,5,6995.0
19851824,AVI Living,1399.0,1399.0,4.0,5,2,2798.0
18602872,My Room,2999.0,2999.0,4.7,10,3,8997.0
18602850,My Room,2999.0,2999.0,4.5,22,3,8997.0
8430275,MYTRIDENT,2199.0,2199.0,4.4,26,3,6597.0
19788630,Home Ecstasy,1199.0,1199.0,4.5,6,5,5995.0
18346134,Arrabi,6329.0,6329.0,4.3,12,4,25316.0
18985918,Tommy Hilfiger,2999.0,1799.0,4.1,11,3,5397.0
22120138,Ed-a-Mamma Baby,999.0,699.0,4.2,5,5,3495.0
21427828,London Rag,9599.0,3839.0,5.0,4,2,7678.0
17372928,The Souled Store,799.0,367.0,4.5,22,4,1468.0
15115018,Jockey,579.0,579.0,4.4,1582,2,1158.0
22063882,GROVERSONS Paris Beauty,399.0,299.0,4.0,25,4,1196.0
19219450,Susie,749.0,374.0,4.3,12,5,1870.0
22196924,Zivame,999.0,499.0,4.3,118,1,499.0
19219468,Susie,699.0,398.0,4.0,6,4,1592.0
19277544,Marks & Spencer,2999.0,2249.0,4.3,24,2,4498.0
18223842,max,449.0,449.0,4.1,37,5,2245.0
18656766,VStar,345.0,345.0,4.6,5,4,1380.0
18656764,VStar,345.0,345.0,4.3,6,1,345.0
13523458,shyaway,2547.0,2547.0,4.3,6,1,2547.0
18652628,max,649.0,649.0,4.2,5,3,1947.0
17774350,Zivame,995.0,995.0,4.2,9,3,2985.0
16704504,ZINU,699.0,384.0,4.1,7,2,768.0
21873792,KARATCART,3397.0,815.0,4.6,5,4,3260.0
21573578,Jewels Galaxy,1329.0,305.0,4.2,24,4,1220.0
16696094,Van Heusen,649.0,649.0,4.6,192,3,1947.0
21867416,DressBerry,299.0,215.0,4.1,14,4,860.0
21850852,Soie,390.0,370.0,4.9,14,4,1480.0
21569986,Chromozome,1199.0,395.0,4.2,18,1,395.0
22196594,Zoiro,499.0,499.0,5.0,6,3,1497.0
22196914,Zivame,799.0,399.0,4.6,5,5,1995.0
21906602,bummer,599.0,449.0,4.6,23,3,1347.0
13889998,XYXX,249.0,249.0,4.1,202,5,1245.0
22436508,Bruchi CLUB,888.0,310.0,5.0,4,1,310.0
18882294,VStar,265.0,265.0,4.8,10,2,530.0
16281444,Bharatasya,699.0,223.0,4.3,7,4,892.0
18506050,Bata,1199.0,539.0,4.4,86,1,539.0
21903832,U.S. Polo Assn.,4299.0,3224.0,4.1,16,4,12896.0
21321784,San Frissco,5995.0,1678.0,4.3,6,2,3356.0
21907914,MOZAFIA,1999.0,799.0,4.0,225,2,1598.0
21497770,Puma,4999.0,2249.0,4.1,111,1,2249.0
18489168,TOMS,4999.0,4999.0,4.3,6,2,9998.0
17312062,Clarks,6999.0,6999.0,4.6,31,5,34995.0
16284648,Crew STREET,3099.0,1394.0,4.1,41,2,2788.0
19103830,PUMA Motorsport,6999.0,4199.0,4.5,157,4,16796.0
21937664,Cortina,2598.0,935.0,4.7,15,4,3740.0
16712992,Cutiekins,1999.0,719.0,4.1,454,4,2876.0
21836198,Nottie Planet,449.0,314.0,4.5,13,4,1256.0
18193844,Rubans,1980.0,1980.0,4.1,25,5,9900.0
16694464,Ahalyaa,5000.0,1700.0,4.1,195,3,5100.0
18494054,Home Sizzler,799.0,399.0,4.3,48,1,399.0
16185546,ellementry,1750.0,1750.0,5.0,5,4,7000.0
21426422,Trendyol,4399.0,2419.0,4.1,10,2,4838.0
21238004,COVER STORY,3490.0,2094.0,4.8,24,4,8376.0
21664854,aarke Ritu Kumar,2200.0,1540.0,4.0,6,2,3080.0
21664974,Label Ritu Kumar,4500.0,3150.0,4.6,7,2,6300.0
21664840,aarke Ritu Kumar,3500.0,2450.0,4.0,6,4,9800.0
22004792,WoowZerz,2495.0,1247.0,4.8,26,5,6235.0
18962890,Athena,2499.0,899.0,4.0,34,2,1798.0
18962984,Athena,2499.0,799.0,4.3,236,2,1598.0
18951626,Berrylush,1899.0,398.0,4.0,60,4,1592.0
18977246,AURELIA,4299.0,1750.0,4.1,140,2,3500.0
18962990,Athena,2499.0,849.0,4.2,35,2,1698.0
18956684,Forevermore,1599.0,1599.0,4.2,5,4,6396.0
18981160,Amydus,2799.0,2799.0,4.7,43,4,11196.0
18962952,Athena,2799.0,1119.0,4.2,3797,1,1119.0
15788324,Tokyo Talkies,1399.0,475.0,4.2,347,5,2375.0
15691070,QUIERO,2820.0,987.0,4.1,474,5,4935.0
13770986,all about you,2999.0,2999.0,4.2,38,2,5998.0
17592092,U&F,2899.0,753.0,4.1,7,5,3765.0
17661682,Tokyo Talkies,1549.0,340.0,4.1,13,2,680.0
17692718,Style Quotient,1599.0,495.0,4.8,8,1,495.0
17194598,Tokyo Talkies,1749.0,437.0,4.3,48,4,1748.0
17194592,Tokyo Talkies,1749.0,367.0,4.1,240,4,1468.0
18207478,Tokyo Talkies,699.0,279.0,4.1,333,4,1116.0
18996672,Bella Moda,2017.0,605.0,4.6,8,5,3025.0
15191784,Kazo,3690.0,1476.0,4.0,35,1,1476.0
19213200,Label Ritu Kumar,5200.0,3120.0,4.8,5,5,15600.0
19987092,Vastralay,2999.0,659.0,4.2,17,5,3295.0
10054817,Veni Vidi Vici,1890.0,756.0,4.3,110,1,756.0
10054855,Veni Vidi Vici,1890.0,756.0,4.2,389,1,756.0
10691426,SASSAFRAS,2199.0,769.0,4.5,4441,1,769.0
18963006,Athena,2499.0,799.0,4.3,45,1,799.0
19513066,Stylecast X Hersheinbox,2559.0,2559.0,4.5,11,4,10236.0
18975316,Berrylush,3200.0,640.0,4.2,31,3,1920.0
21664826,aarke Ritu Kumar,2800.0,1960.0,4.0,6,3,5880.0
21242962,Tommy Hilfiger,5999.0,5699.0,4.4,9,1,5699.0
21653646,ONLY,3299.0,1319.0,4.6,5,3,3957.0
20022902,Slenor,3599.0,1475.0,4.4,10,3,4425.0
20046216,YK Disney,999.0,329.0,5.0,7,1,329.0
22590642,YU by Pantaloons,1499.0,719.0,4.8,12,3,2157.0
13572604,Tokyo Talkies,1799.0,1799.0,4.2,58,5,8995.0
13649832,all about you,1999.0,1999.0,4.3,56,2,3998.0
13387584,Wish Karo,1999.0,699.0,4.1,11,2,1398.0
22622806,HERE&NOW,2999.0,989.0,4.0,22,1,989.0
13558254,Tokyo Talkies,1349.0,1349.0,4.1,934,4,5396.0
13586840,all about you,1899.0,1899.0,4.0,29,1,1899.0
13586818,all about you,1899.0,1899.0,4.0,208,4,7596.0
13406942,Global Desi,1799.0,449.0,4.8,8,2,898.0
1341220,Miss Chase,1149.0,689.0,4.4,22,1,689.0
13387582,Wish Karo,2123.0,743.0,4.7,18,5,3715.0
13391540,Mast & Harbour,1999.0,679.0,4.1,576,3,2037.0
13435624,Deewa,2199.0,681.0,4.1,28,4,2724.0
13382036,plusS,1899.0,322.0,4.2,623,3,966.0
13449506,DOOR74,2399.0,719.0,5.0,7,3,2157.0
22590644,YU by Pantaloons,1399.0,643.0,4.7,17,1,643.0
13398280,Zastraa,3299.0,989.0,4.3,45,3,2967.0
22596522,Vero Moda,3799.0,1329.0,4.3,12,5,6645.0
12356000,KLEIO,3499.0,3499.0,4.6,8,3,10497.0
21656682,Dupatta Bazaar,999.0,499.0,4.3,33,1,499.0
22601210,Nimidiya,999.0,399.0,4.5,13,5,1995.0
20195790,Dupatta Bazaar,999.0,999.0,4.7,10,2,1998.0
12999996,Vishudh,599.0,227.0,4.6,17,3,681.0
15713414,Crunchy Fashion,1998.0,639.0,4.2,22,1,639.0
15750524,Priyaasi,7999.0,2079.0,4.4,97,2,4158.0
15014966,Priyaasi,3949.0,947.0,4.9,13,2,1894.0
10125243,KARATCART,1282.0,487.0,4.0,213,4,1948.0
10564232,PRITA BY PRIYAASI,1130.0,350.0,4.3,727,5,1750.0
10135431,Priyaasi,1000.0,500.0,4.5,347,3,1500.0
10125225,KARATCART,1568.0,423.0,4.1,872,1,423.0
10125241,KARATCART,1711.0,307.0,4.2,22,4,1228.0
19925208,Yellow Chimes,774.0,433.0,4.1,14,5,2165.0
17354670,ANIKAS CREATION,1995.0,1995.0,4.0,5,4,7980.0
20041906,KARATCART,1730.0,605.0,4.3,9,5,3025.0
22601952,SOHI,1455.0,349.0,4.5,15,5,1745.0
22618882,Saraf RS Jewellery,3795.0,872.0,4.2,99,3,2616.0
14467848,GIVA,2799.0,1399.0,4.4,17,5,6995.0
14399558,Shoshaa,2488.0,696.0,4.6,21,4,2784.0
19072820,FemNmas,249.0,249.0,4.4,5,5,1245.0
13402874,Crunchy Fashion,1575.0,346.0,4.2,6,3,1038.0
13340876,Kord Store,4524.0,542.0,4.4,7,3,1626.0
12930744,ANIKAS CREATION,1075.0,483.0,4.4,16,4,1932.0
21990058,Rustorange,3299.0,1484.0,5.0,2,2,2968.0
21992820,PANIT,7999.0,2319.0,4.4,14,2,4638.0
15741088,Ashnaina,1799.0,593.0,4.1,88,5,2965.0
15788632,AURELIA,2499.0,1380.0,4.2,14,1,1380.0
15749780,W,3999.0,1599.0,4.3,23,5,7995.0
19990734,VASTRAMAY,2499.0,974.0,4.7,9,4,3896.0
13404948,YASH GALLERY,3899.0,935.0,4.1,67,4,3740.0
13355452,Rangriti,1299.0,1299.0,4.4,33,4,5196.0
13405888,Saanjh,1969.0,787.0,4.0,7,4,3148.0
15787112,Mamaearth,319.0,280.0,4.3,903,4,1120.0
12926546,natural vibes,449.0,426.0,4.8,9,3,1278.0
16704788,Birkenstock,4990.0,4990.0,4.5,12,2,9980.0
21888172,Brauch,1499.0,599.0,4.0,10,4,2396.0
21735080,Birkenstock,6990.0,6990.0,4.5,11,1,6990.0
21735014,Birkenstock,9490.0,9490.0,4.8,5,1,9490.0
21928414,Clarks,3499.0,3499.0,4.0,11,1,3499.0
18638536,CODE by Lifestyle,1499.0,1499.0,4.0,20,1,1499.0
13596626,Anouk,2299.0,2299.0,4.3,44,3,6897.0
21205620,Tommy Hilfiger,2599.0,1559.0,4.3,8,1,1559.0
21497394,Puma,999.0,499.0,4.1,52,4,1996.0
18521180,Reebok,1999.0,999.0,4.5,75,5,4995.0
20124616,Duke,399.0,259.0,4.3,20,1,259.0
19790160,toothless,499.0,199.0,4.1,15,3,597.0
18598106,Ginger by Lifestyle,499.0,499.0,4.4,45,3,1497.0
16168398,Bata,599.0,449.0,4.1,38,1,449.0
15134218,Paragon,599.0,329.0,4.0,66,5,1645.0
21431930,yoho,1499.0,554.0,4.0,24,1,554.0
13374286,Saral Home,1999.0,1459.0,4.7,7,3,4377.0
13374334,Saral Home,1999.0,1459.0,4.4,5,2,2918.0
21931392,Clarks,9999.0,5999.0,4.4,7,4,23996.0
17755896,Red Tape,6899.0,6899.0,4.0,265,3,20697.0
21602846,SUGAR,899.0,899.0,4.2,12,1,899.0
14950128,YK,699.0,349.0,4.5,62,4,1396.0
16721772,BodyHerbals,399.0,335.0,4.4,14,1,335.0
18584192,7 DAYS,499.0,219.0,4.5,13,1,219.0
18584190,7 DAYS,499.0,219.0,4.4,11,2,438.0
21421856,Baggit,1990.0,796.0,4.4,5,4,3184.0
21421918,Baggit,1890.0,1039.0,4.6,18,4,4156.0
16696848,Accessorize,4995.0,1648.0,4.6,38,2,3296.0
18200086,Caprese,3699.0,924.0,4.0,59,3,2772.0
7743536,Lino Perros,4495.0,4495.0,4.5,6,1,4495.0
7743355,Lino Perros,3495.0,3495.0,4.3,14,5,17475.0
17637810,Toteteca,3099.0,3099.0,4.8,5,1,3099.0
17761230,Caprese,3999.0,3999.0,4.1,10,1,3999.0
15188034,Metro,1290.0,1290.0,4.3,10,3,3870.0
21762808,Baggit,1690.0,845.0,4.6,10,1,845.0
21421996,Baggit,1990.0,995.0,4.5,40,2,1990.0
21621752,Berrylush,3299.0,1349.0,4.0,111,2,2698.0
13359482,FLYING BERRY,2999.0,1679.0,4.9,7,4,6716.0
13389422,DailyObjects,2999.0,1139.0,4.3,123,5,5695.0
13389410,DailyObjects,2999.0,1139.0,4.2,30,1,1139.0
19219056,BLAUPUNKT,5999.0,3999.0,4.5,11,1,3999.0
13474452,Allen Solly,2299.0,2299.0,4.3,14,3,6897.0
17647418,FOOTONS,3199.0,3199.0,5.0,2,2,6398.0
13475738,TRASE,1599.0,1599.0,4.0,39,5,7995.0
22217088,DressBerry,1599.0,735.0,4.1,34,4,2940.0
22200396,Bruno Manetti,3999.0,1479.0,4.0,5,2,2958.0
19217010,Inc 5,2690.0,2690.0,4.4,14,4,10760.0
15120922,Anouk,2699.0,1079.0,4.0,25,3,3237.0
16276014,Iris,700.0,595.0,4.5,6,3,1785.0
19014822,mothercare,3499.0,2624.0,4.6,7,1,2624.0
19015560,U.S. Polo Assn. Kids,2499.0,1424.0,4.5,40,5,7120.0
19020502,U.S. Polo Assn.,6299.0,2960.0,4.4,338,4,11840.0
19014828,mothercare,2999.0,2249.0,4.5,15,2,4498.0
19015652,U.S. Polo Assn. Kids,2799.0,1511.0,4.2,19,3,4533.0
19020536,U.S. Polo Assn.,6999.0,3499.0,4.1,91,1,3499.0
19020616,U.S. Polo Assn.,6299.0,3149.0,4.3,47,1,3149.0
19020478,U.S. Polo Assn.,4599.0,2759.0,4.3,150,4,11036.0
19020722,U.S. Polo Assn.,5999.0,2999.0,4.0,64,3,8997.0
19837040,High Star,3749.0,3749.0,4.1,41,5,18745.0
19020654,U.S. Polo Assn.,6999.0,3499.0,4.0,54,3,10497.0
14991614,Roadster,1699.0,509.0,4.2,363,4,2036.0
16182066,People,1799.0,935.0,4.3,71,4,3740.0
19231126,Mast & Harbour,4499.0,1439.0,4.2,31,3,4317.0
19020564,U.S. Polo Assn.,5299.0,2649.0,4.3,112,4,10596.0
19015534,U.S. Polo Assn. Kids,2499.0,1599.0,4.1,33,3,4797.0
19020450,U.S. Polo Assn.,6499.0,3249.0,4.3,96,2,6498.0
19020572,U.S. Polo Assn.,5499.0,2749.0,4.0,95,3,8247.0
11973216,Mast & Harbour,2699.0,2699.0,4.0,378,3,8097.0
19020676,U.S. Polo Assn.,5699.0,3134.0,4.6,85,4,12536.0
19020568,U.S. Polo Assn.,6999.0,4199.0,4.2,199,4,16796.0
18973692,Levis,4099.0,4099.0,4.2,426,1,4099.0
18973742,Levis,4399.0,2287.0,4.2,182,1,2287.0
18974084,Levis,4399.0,1891.0,4.2,135,2,3782.0
18873126,KETCH,1749.0,629.0,4.0,20,1,629.0
18802522,BEAT LONDON by PEPE JEANS,2799.0,1399.0,4.0,20,3,4197.0
18973648,Levis,4099.0,4099.0,4.2,290,4,16396.0
18973888,Levis,4099.0,4099.0,4.4,333,1,4099.0
18973730,Levis,4399.0,4399.0,4.1,193,1,4399.0
18973948,Levis,4999.0,3499.0,4.0,30,2,6998.0
19008496,Calvin Klein Jeans,7999.0,4799.0,5.0,8,2,9598.0
18992754,AMERICAN EAGLE OUTFITTERS,4499.0,1799.0,4.8,5,3,5397.0
18973922,Levis,4099.0,4099.0,4.1,237,4,16396.0
18973950,Levis,4999.0,2449.0,4.1,156,2,4898.0
19842706,Llak Jeans,2299.0,2299.0,4.2,9,1,2299.0
13768634,Nautica,4999.0,4999.0,4.6,16,4,19996.0
18973728,Levis,4399.0,4399.0,4.4,260,4,17596.0
18903330,Levis,3299.0,1649.0,4.4,235,1,1649.0
18973740,Levis,4099.0,4099.0,4.3,340,2,8198.0
18969982,Allen Solly Junior,1799.0,1169.0,4.2,6,1,1169.0
18734066,Flying Machine,2699.0,1052.0,4.1,26,4,4208.0
18993370,Blackberrys,3295.0,1647.0,4.3,29,5,8235.0
15190770,AMERICAN EAGLE OUTFITTERS,3999.0,1599.0,4.0,6,5,7995.0
15067844,Flying Machine,2399.0,1199.0,4.1,69,3,3597.0
18960434,Lee,3999.0,1999.0,4.4,34,1,1999.0
18973952,Levis,3499.0,3499.0,4.1,329,1,3499.0
18689340,Flying Machine,2349.0,1362.0,4.3,36,3,4086.0
18973790,Levis,5599.0,2799.0,4.3,54,3,8397.0
21184968,HERE&NOW,2399.0,767.0,4.6,111,3,2301.0
18903148,Levis,3899.0,2027.0,4.3,150,4,8108.0
18734006,Flying Machine,2499.0,1249.0,4.3,42,1,1249.0
18928362,AMERICAN EAGLE OUTFITTERS,4499.0,1799.0,4.1,9,4,7196.0
18964420,American Bull,4299.0,1633.0,4.5,2,3,4899.0
18973914,Levis,3799.0,2089.0,4.4,243,1,2089.0
15049188,Roadster,2099.0,692.0,4.5,50,4,2768.0
19841310,SHOWOFF,1500.0,1500.0,4.0,4,4,6000.0
17760672,Cayman,1345.0,1345.0,4.0,11,3,4035.0
17656880,Vishudh,1499.0,1499.0,4.4,43,1,1499.0
16186258,Vishudh,1799.0,377.0,4.2,87,3,1131.0
22110424,VASTRADO,1199.0,539.0,5.0,2,1,539.0
18637234,House of Pataudi,2499.0,2499.0,4.2,85,5,12495.0
13562488,KSUT,1599.0,1599.0,4.3,95,2,3198.0
17644540,Libas,2499.0,899.0,4.2,364,2,1798.0
13506804,Ishin,5199.0,5199.0,4.1,169,2,10398.0
18637284,House of Pataudi,3999.0,3999.0,4.1,34,3,11997.0
19574714,Cayman,5995.0,5995.0,4.3,17,5,29975.0
19580226,DEVOILER,2499.0,2499.0,4.7,7,1,2499.0
19513786,Desi Mix,400.0,400.0,4.0,11,4,1600.0
12524816,HERE&NOW,1199.0,1199.0,4.1,937,1,1199.0
12531668,INDYA,2900.0,2900.0,4.4,10,4,11600.0
19688180,KALINI,1499.0,1499.0,4.1,11,1,1499.0
19027402,Jompers,3499.0,874.0,4.5,6,5,4370.0
18925432,Indo Era,5399.0,1403.0,4.7,14,4,5612.0
18946592,Indian Virasat,2999.0,839.0,4.3,9,3,2517.0
19027352,Jompers,2199.0,747.0,4.2,104,1,747.0
17754514,Indo Era,6799.0,1699.0,4.1,91,1,1699.0
19027424,Jompers,2199.0,747.0,4.1,151,4,2988.0
19027432,Jompers,2999.0,1109.0,4.4,35,3,3327.0
15189724,VASTRAMAY,1799.0,737.0,4.2,62,3,2211.0
19027420,Jompers,3499.0,874.0,4.0,10,5,4370.0
14325388,Anouk,2899.0,2899.0,4.1,99,3,8697.0
17090208,Anouk,3399.0,3399.0,4.3,100,3,10197.0
13446422,Biba,4995.0,2997.0,4.4,749,3,8991.0
2184914,SUGAR,499.0,434.0,4.3,76,2,868.0
18273822,Dreamz by Pantaloons,499.0,489.0,4.5,15,5,2445.0
22492614,U.S. Polo Assn.,699.0,664.0,4.2,19,1,664.0
13428018,ETC,799.0,559.0,4.3,189,4,2236.0
15898082,Bailey sells,1450.0,696.0,4.6,5,1,696.0
22721938,Sweet Dreams,999.0,999.0,4.8,5,5,4995.0
17832728,Dreamz by Pantaloons,699.0,699.0,4.9,12,4,2796.0
17288308,KID1,1499.0,1499.0,4.0,16,5,7495.0
18209958,Sweet Dreams,2099.0,2099.0,4.1,13,3,6297.0
15973760,Zoom Minimondo,1299.0,402.0,4.8,10,4,1608.0
16512022,MASQ,447.0,223.0,4.5,35,3,669.0
17361920,Indo Era,1799.0,557.0,4.2,23,1,557.0
17307424,Clora Creation,2399.0,983.0,4.0,3,1,983.0
17288460,Cutiekins,1099.0,450.0,4.2,26,4,1800.0
15114984,Go Colors,899.0,899.0,4.0,53,4,3596.0
15782402,BEARDO,2700.0,864.0,4.4,153,5,4320.0
15294314,Zaveri Pearls,1995.0,359.0,4.4,27,5,1795.0
16254760,Zaveri Pearls,2250.0,2250.0,4.2,504,3,6750.0
10018911,SEJ by Nisha Gupta,1849.0,554.0,4.5,13,4,2216.0
10044165,Coolers,799.0,799.0,4.2,18,1,799.0
17696210,Yellow Bee,499.0,424.0,4.0,15,5,2120.0
19183770,Crocs,3295.0,2636.0,4.1,21,5,13180.0
18949542,Red Chief,3099.0,1549.0,4.3,32,1,1549.0
15725544,SALWAR STUDIO,3555.0,1813.0,4.1,12,5,9065.0
14654046,SALWAR STUDIO,4995.0,2197.0,4.4,12,3,6591.0
18465340,Silk Land,4125.0,4125.0,4.1,15,4,16500.0
17292364,Mitera,4199.0,1007.0,4.0,18,1,1007.0
16287654,Saree mall,4099.0,1024.0,4.1,359,4,4096.0
16287830,Saree mall,4099.0,983.0,4.2,12,5,4915.0
16287764,Saree mall,4799.0,1343.0,4.1,129,5,6715.0
19823504,VAIRAGEE,9995.0,1699.0,4.2,19,1,1699.0
16293500,BELLEZIYA,1249.0,437.0,4.3,3,3,1311.0
16293432,BELLEZIYA,1499.0,524.0,4.7,6,2,1048.0
14487194,Lotus Botanicals,495.0,247.0,4.0,45,1,247.0
14472340,Earth Rhythm,379.0,284.0,4.1,21,2,568.0
16779444,FIXDERMA COSMETIC LABORATORIES,1250.0,1250.0,4.8,5,2,2500.0
15880308,Sirona,294.0,285.0,4.9,7,3,855.0
17332192,KISAH,13099.0,4977.0,4.3,3,2,9954.0
18960048,The Indian Garage Co,1749.0,507.0,4.2,128,2,1014.0
18960188,The Indian Garage Co,1749.0,454.0,4.4,35,3,1362.0
18960016,The Indian Garage Co,1749.0,454.0,4.0,102,2,908.0
18996778,U.S. Polo Assn.,2599.0,1559.0,4.2,10,2,3118.0
18996772,U.S. Polo Assn.,2799.0,1399.0,4.9,10,2,2798.0
18960086,The Indian Garage Co,1749.0,454.0,4.5,23,1,454.0
18971858,Sztori,2699.0,701.0,4.0,43,1,701.0
17304036,SPYKAR,2199.0,2199.0,4.0,26,1,2199.0
17377642,Roadster,1499.0,1499.0,4.0,94,3,4497.0
18463946,Lee,2399.0,2399.0,4.5,15,5,11995.0
13621622,U.S. Polo Assn.,2399.0,2399.0,4.4,41,2,4798.0
17719808,Louis Philippe Jeans,2199.0,2199.0,4.5,18,2,4398.0
18759238,HERE&NOW,1399.0,741.0,4.3,32,3,2223.0
20394602,Cantabil,1999.0,1999.0,4.4,38,2,3998.0
13672974,WROGN,2599.0,2599.0,4.1,250,1,2599.0
13694492,Ecentric,2499.0,1624.0,4.5,22,5,8120.0
21388884,French Connection,2199.0,2199.0,4.3,58,4,8796.0
13681812,Ecentric,2499.0,1624.0,4.0,5,2,3248.0
21396820,Jack & Jones,3499.0,3499.0,4.4,15,1,3499.0
16042682,Nautica,3599.0,1799.0,4.2,15,4,7196.0
18996754,U.S. Polo Assn.,2599.0,1299.0,4.1,9,5,6495.0
18927466,U.S. Polo Assn.,2299.0,1149.0,4.0,69,4,4596.0
17296250,CAVIO,1290.0,864.0,4.3,20,1,864.0
17280264,HIGHLANDER,1199.0,491.0,4.2,1246,4,1964.0
17355950,Mast & Harbour,1999.0,519.0,4.0,78,3,1557.0
17307612,Louis Philippe Jeans,2199.0,1539.0,4.3,23,4,6156.0
17345842,JC Collection,3499.0,1924.0,4.1,12,2,3848.0
17354282,JAINISH,999.0,549.0,4.0,23,2,1098.0
17278954,KETCH,1249.0,474.0,4.0,79,3,1422.0
17307656,SIMON CARTER LONDON,2799.0,1119.0,4.6,5,1,1119.0
17313630,JAINISH,1999.0,579.0,4.1,68,2,1158.0
17342230,Pepe Jeans,1599.0,671.0,4.3,6,5,3355.0
17331296,Fabindia,1699.0,1699.0,4.4,5,2,3398.0
17345374,Pepe Jeans,2499.0,999.0,4.0,34,2,1998.0
17355884,Mast & Harbour,1999.0,699.0,4.1,167,1,699.0
17322122,JAINISH,1599.0,479.0,4.0,2,4,1916.0
17293106,DressBerry,1599.0,591.0,4.2,622,2,1182.0
17342236,Pepe Jeans,1599.0,671.0,4.4,16,3,2013.0
17322136,JAINISH,1399.0,545.0,4.0,5,4,2180.0
17375000,ColorPlus,2399.0,1151.0,4.5,15,5,5755.0
17289100,Roadster,1899.0,854.0,4.3,7,1,854.0
17313676,JAINISH,1499.0,584.0,4.0,11,5,2920.0
17302022,Pantaloons Junior,799.0,687.0,4.4,77,4,2748.0
17352294,Mast & Harbour,2099.0,776.0,4.0,195,4,3104.0
18960146,The Indian Garage Co,1749.0,454.0,4.0,61,4,1816.0
18970712,Tommy Hilfiger,3299.0,1979.0,4.5,10,5,9895.0
18960126,The Indian Garage Co,1749.0,454.0,4.1,21,4,1816.0
18970848,Tommy Hilfiger,2799.0,1679.0,4.6,14,5,8395.0
18969276,Ruhaans,1399.0,643.0,4.1,14,4,2572.0
13692652,M&H Our Water,2499.0,2499.0,4.2,78,3,7497.0
13768790,Nautica,3299.0,3299.0,4.3,40,4,13196.0
13453254,DENNISON,2199.0,2199.0,4.6,7,5,10995.0
18450788,Nautica,4299.0,4299.0,4.3,118,2,8598.0
18690268,Dennis Lingo,1999.0,1999.0,4.6,5,4,7996.0
13770578,Nautica,2799.0,2799.0,4.4,53,2,5598.0
13675502,Flying Machine,1799.0,1799.0,4.1,108,3,5397.0
13775106,RARE RABBIT,3299.0,3299.0,4.4,63,1,3299.0
13470886,Roadster,1399.0,1399.0,4.1,203,3,4197.0
13722850,Roadster,1999.0,999.0,4.4,39,4,3996.0
18443082,Marks & Spencer,1999.0,1699.0,4.3,19,2,3398.0
20042586,Flying Machine,1799.0,1799.0,4.4,140,2,3598.0
20308616,Arrow,2499.0,2499.0,4.0,64,5,12495.0
20308496,Arrow,2499.0,2499.0,4.3,70,2,4998.0
20308670,Arrow,2399.0,1199.0,4.7,64,5,5995.0
19999300,Dennis Lingo,2499.0,2499.0,4.4,16,1,2499.0
20308620,Arrow,2499.0,2499.0,4.0,59,4,9996.0
19276504,Turtle,1399.0,839.0,4.7,7,5,4195.0
19299798,Louis Philippe,2799.0,2519.0,4.4,32,1,2519.0
18903374,Levis,2599.0,2079.0,4.6,168,2,4158.0
18947596,KASSUALLY,1799.0,593.0,4.7,9,2,1186.0
18946864,Cub McPaws,1499.0,699.0,4.5,20,1,699.0
18921438,Gini and Jony,1599.0,959.0,4.6,28,2,1918.0
13624708,Nike,1795.0,1795.0,4.4,376,1,1795.0
18645102,DChica,599.0,599.0,4.3,16,5,2995.0
13695234,HRX by Hrithik Roshan,1499.0,1049.0,4.4,150,5,5245.0
13610026,HRX by Hrithik Roshan,1899.0,1139.0,4.2,84,1,1139.0
14561272,ASICS,2299.0,1149.0,5.0,5,5,5745.0
14494548,CUTECUMBER,650.0,650.0,4.3,11,5,3250.0
14496210,CUTECUMBER,650.0,650.0,4.6,46,5,3250.0
18942852,FITINC,999.0,449.0,4.4,14,3,1347.0
18650484,CLUB A9,699.0,321.0,4.5,14,4,1284.0
19024468,Blackberrys,1695.0,1017.0,4.1,9,2,2034.0
17332648,Tommy Hilfiger,2999.0,1499.0,4.7,9,3,4497.0
15177608,HRX by Hrithik Roshan,1399.0,979.0,4.5,61,5,4895.0
18947600,KASSUALLY,1899.0,645.0,4.7,38,1,645.0
18658050,Allen Solly,1799.0,1079.0,4.6,13,5,5395.0
13572038,Shae by SASSAFRAS,1999.0,799.0,4.3,51,4,3196.0
17367638,Berrylush,1199.0,983.0,4.3,16,5,4915.0
17306258,Purple Feather,1499.0,434.0,4.2,81,1,434.0
17367634,Berrylush,1399.0,363.0,4.3,43,4,1452.0
17745816,Lancer,1999.0,1999.0,4.0,6,5,9995.0
13686682,Campus,799.0,751.0,4.1,452,4,3004.0
10667394,Campus,1499.0,944.0,4.1,35,2,1888.0
20071104,ADIDAS,4299.0,2794.0,4.5,149,2,5588.0
20072084,ADIDAS,5999.0,3599.0,4.1,22,5,17995.0
20071558,ADIDAS,3599.0,2339.0,4.1,231,4,9356.0
20071402,ADIDAS,4599.0,4599.0,4.5,149,1,4599.0
20070948,ADIDAS,5999.0,5999.0,4.1,52,5,29995.0
20070966,ADIDAS,4799.0,2879.0,4.2,36,2,5758.0
20071236,ADIDAS,5299.0,5299.0,4.3,57,2,10598.0
14208408,TRASE,999.0,999.0,4.2,20,5,4995.0
11441718,Duke,2695.0,2695.0,4.2,50,4,10780.0
11627996,Yuuki,2999.0,2999.0,4.2,56,2,5998.0
11986876,FAUSTO,899.0,899.0,4.3,9,4,3596.0
19334942,ELEVAR,5490.0,5490.0,4.3,6,2,10980.0
13484354,Puma,12999.0,12999.0,4.3,19,2,25998.0
11960808,Campus,1499.0,659.0,4.2,76,3,1977.0
19102564,Puma,11999.0,11999.0,4.3,58,2,23998.0
19402102,U.S. Polo Assn.,4999.0,4999.0,4.0,124,1,4999.0
14208394,TRASE,999.0,999.0,4.5,13,5,4995.0
16880520,PUMA Hoops,8999.0,4049.0,4.1,24,5,20245.0
18356356,Nautica,5499.0,2199.0,4.4,109,4,8796.0
18906230,Skechers,7499.0,4499.0,4.5,127,2,8998.0
18373464,ADIDAS,3599.0,3599.0,4.1,113,1,3599.0
16824638,Puma,9999.0,4999.0,4.3,14,4,19996.0
18374802,ADIDAS,12999.0,12999.0,4.5,21,3,38997.0
16824670,Puma,9999.0,5499.0,4.1,31,4,21996.0
18374286,ADIDAS,5999.0,3599.0,4.2,22,4,14396.0
18373646,ADIDAS,3799.0,2469.0,4.3,319,2,4938.0
18373380,ADIDAS,4799.0,3119.0,4.2,73,3,9357.0
16864474,Puma,6999.0,5599.0,5.0,3,4,22396.0
18374978,ADIDAS,4999.0,3249.0,4.4,94,1,3249.0
18906226,Skechers,6499.0,3899.0,4.4,93,1,3899.0
18374614,ADIDAS,18999.0,14249.0,4.3,11,5,71245.0
16305908,Campus,1399.0,1259.0,4.3,23,3,3777.0
16279696,Forever Glam by Pantaloons,1699.0,1053.0,4.3,6,3,3159.0
13072098,Puma,4499.0,2474.0,4.7,7,5,12370.0
19298764,Campus,1299.0,909.0,4.6,71,4,3636.0
18430170,Roadster,1499.0,1499.0,4.3,64,3,4497.0
10349091,Monte Carlo,2840.0,1420.0,4.6,9,1,1420.0
10135715,Mast & Harbour,1599.0,511.0,4.0,213,1,511.0
21296678,Marks & Spencer,3999.0,3399.0,4.6,22,2,6798.0
20721298,Juniors by Lifestyle,599.0,599.0,4.7,9,3,1797.0
19432310,Marks & Spencer,3999.0,3999.0,4.2,14,4,15996.0
11843058,MANGO,2590.0,2590.0,4.3,9,5,12950.0
20712132,Trendyol,3599.0,3599.0,4.4,5,5,17995.0
11990920,Roadster,1699.0,1699.0,4.3,179,4,6796.0
19055422,Monte Carlo,2080.0,2080.0,4.2,18,2,4160.0
14335776,INVICTUS,2199.0,2199.0,4.0,345,5,10995.0
11990978,Roadster,1999.0,1999.0,4.4,302,3,5997.0
11972948,Mast & Harbour,1599.0,1599.0,4.1,213,2,3198.0
11990952,Roadster,1699.0,1699.0,4.3,449,3,5097.0
14279412,Harvard,1899.0,1899.0,4.2,47,1,1899.0
18241626,Roadster,1699.0,645.0,4.5,25,2,1290.0
18241644,Roadster,1999.0,759.0,4.3,55,5,3795.0
18240570,all about you,2499.0,874.0,4.3,53,2,1748.0
18240582,all about you,2499.0,874.0,4.4,39,2,1748.0
18337610,Roadster,2299.0,758.0,4.3,32,2,1516.0
18240902,Mr Bowerbird,3299.0,1187.0,4.0,31,2,2374.0
18241294,Roadster,1699.0,628.0,4.3,90,3,1884.0
18180102,INVICTUS,1698.0,1103.0,4.0,45,1,1103.0
18241298,Roadster,1999.0,699.0,4.3,59,4,2796.0
18260104,Mast & Harbour,2399.0,815.0,4.5,62,2,1630.0
18820948,Tommy Hilfiger,5599.0,5599.0,4.3,24,5,27995.0
18825046,Tommy Hilfiger,4599.0,4599.0,4.2,29,2,9198.0
18929548,Mast & Harbour,1599.0,1599.0,4.4,79,5,7995.0
9867517,ether,1299.0,1299.0,4.1,416,3,3897.0
6510138,Roadster,1999.0,1999.0,4.3,959,5,9995.0
18071360,ether,1399.0,1399.0,4.2,84,4,5596.0
18825178,Tommy Hilfiger,4999.0,4999.0,4.3,37,1,4999.0
18830500,White Snow,1599.0,1599.0,4.2,10,5,7995.0
9656079,Sztori,2499.0,2499.0,4.2,294,5,12495.0
20389784,SPYKAR,2999.0,2999.0,4.6,9,1,2999.0
18820780,Tommy Hilfiger,4999.0,4999.0,4.0,35,4,19996.0
18820580,Tommy Hilfiger,5599.0,5599.0,4.2,33,2,11198.0
20389690,max,699.0,699.0,4.0,8,5,3495.0
10388101,Allen Solly Woman,1799.0,899.0,4.5,4,1,899.0
17121312,Marks & Spencer,2499.0,2249.0,4.5,30,3,6747.0
17844560,DREAM WEAVERZ,999.0,999.0,4.1,7,1,999.0
1605539,Kanvin,799.0,615.0,4.0,76,3,1845.0
18937628,her by invictus,1398.0,475.0,4.2,29,4,1900.0
18990292,HILL STREET,1699.0,594.0,4.5,15,2,1188.0
18972748,Zink London,1499.0,524.0,4.3,7,1,524.0
18904492,Levis,2099.0,1133.0,4.4,50,5,5665.0
13583566,Chemistry,1499.0,1499.0,4.5,20,4,5996.0
13611204,Roadster,1889.0,1889.0,4.2,266,1,1889.0
18657642,max,399.0,399.0,4.5,6,5,1995.0
13573344,Roadster,699.0,699.0,4.0,280,1,699.0
20222156,CODE by Lifestyle,799.0,799.0,4.1,47,3,2397.0
20222142,CODE by Lifestyle,499.0,499.0,4.5,40,1,499.0
20092320,Forever New,3200.0,3200.0,4.4,26,1,3200.0
20222144,CODE by Lifestyle,1599.0,1599.0,4.0,10,1,1599.0
14538300,Friskers,499.0,379.0,4.0,10,4,1516.0
18639246,Jockey,329.0,329.0,4.5,139,1,329.0
17763368,Honey by Pantaloons,1299.0,1299.0,4.0,7,5,6495.0
17628058,Maishi,1599.0,1599.0,4.6,7,3,4797.0
17628394,ONLY,2499.0,2499.0,4.2,25,3,7497.0
17178948,FOREVER 21,1049.0,524.0,4.4,11,1,524.0
17108574,4WRD by Dressberry,1199.0,431.0,4.2,68,4,1724.0
18879656,MANGO,1990.0,1990.0,4.3,165,4,7960.0
18626976,ONLY,2299.0,2299.0,4.2,78,5,11495.0
19018090,DressBerry,799.0,799.0,4.1,102,1,799.0
17121092,Marks & Spencer,2999.0,2999.0,4.0,16,3,8997.0
19018146,DressBerry,899.0,899.0,4.0,110,4,3596.0
17268524,H&M,699.0,699.0,4.4,203,1,699.0
18854764,KAMI KUBI,1299.0,1299.0,5.0,4,4,5196.0
18904472,Levis,2299.0,1839.0,4.4,44,4,7356.0
17255462,NEUDIS,1499.0,1499.0,4.3,71,3,4497.0
17120826,Hancock,1999.0,1999.0,4.1,52,2,3998.0
18814970,Berrylush,1299.0,1299.0,4.6,75,5,6495.0
17257582,FableStreet,1795.0,1795.0,4.2,37,5,8975.0
17255498,NEUDIS,1499.0,1499.0,4.1,44,3,4497.0
22747068,Madame,1399.0,1399.0,4.0,5,4,5596.0
19017944,DressBerry,799.0,799.0,4.1,94,1,799.0
17114132,HERE&NOW,999.0,999.0,4.1,51,4,3996.0
18948348,Madame,1899.0,1899.0,4.2,11,3,5697.0
17944580,ONLY,2299.0,2299.0,4.2,76,5,11495.0
20383782,Chemistry,1299.0,1299.0,4.5,17,4,5196.0
17938374,CODE by Lifestyle,999.0,999.0,4.4,17,5,4995.0
8675767,MANGO,3490.0,3490.0,4.2,15,1,3490.0
17973634,InWeave,2199.0,2199.0,4.4,21,5,10995.0
7117598,ONLY,1499.0,1499.0,4.2,40,5,7495.0
18847712,KALINI,1975.0,1975.0,4.4,9,2,3950.0
8365569,Nun,1495.0,1495.0,4.9,14,2,2990.0
7581747,Annabelle by Pantaloons,899.0,899.0,4.3,50,2,1798.0
9818669,Globus,999.0,999.0,4.3,8,5,4995.0
8367605,Berrylush,1290.0,1290.0,4.3,93,3,3870.0
7183090,Globus,1299.0,1299.0,4.2,29,5,6495.0
9557519,MANGO,2490.0,2490.0,5.0,1,3,7470.0
17976710,MANGO,3590.0,3590.0,4.1,36,3,10770.0
14340794,MANGO,2390.0,2390.0,4.1,82,2,4780.0
19410570,H&M,1499.0,1499.0,4.3,44,4,5996.0
11811068,Honey by Pantaloons,999.0,999.0,4.4,15,1,999.0
7829467,Oxolloxo,1399.0,1399.0,4.0,5,2,2798.0
17982570,H&M,999.0,999.0,4.5,52,2,1998.0
17950338,PURVAJA,2199.0,2199.0,4.2,16,4,8796.0
11876926,AND,1999.0,1999.0,4.4,57,1,1999.0
11538822,Ajile by Pantaloons,599.0,599.0,4.2,17,5,2995.0
7326508,MISH,1499.0,1499.0,4.7,25,5,7495.0
586846,Cation,899.0,899.0,4.5,11,2,1798.0
18000968,Harpa,1049.0,1049.0,4.4,21,1,1049.0
18962100,Nike,2495.0,2495.0,4.4,72,2,4990.0
18974594,SPACES,3799.0,1139.0,4.3,16,3,3417.0
18974634,AUSTIVO,1899.0,759.0,4.5,35,2,1518.0
18970176,Allen Solly Junior,1599.0,1039.0,4.6,30,2,2078.0
18138806,max,599.0,599.0,4.6,28,5,2995.0
18670518,max,599.0,599.0,4.9,8,5,2995.0
17628782,Roadster,1999.0,1999.0,4.1,81,5,9995.0
17628712,Roadster,1799.0,1799.0,4.3,65,3,5397.0
18537496,Bannos Swagger,1699.0,1699.0,5.0,5,5,8495.0
18970196,Allen Solly Junior,1499.0,749.0,4.3,12,1,749.0
18970104,Allen Solly Junior,1499.0,749.0,4.8,14,4,2996.0
17663904,Pantaloons Junior,849.0,849.0,4.6,25,1,849.0
17760062,H&M,1499.0,1499.0,4.2,608,1,1499.0
17647372,bebe,2899.0,2899.0,4.2,38,5,14495.0
17760038,H&M,1299.0,1299.0,4.3,128,4,5196.0
19289426,Van Heusen Woman,2499.0,1224.0,4.1,13,4,4896.0
10019547,XYXX,1197.0,1029.0,4.7,9,4,4116.0
10591036,Van Heusen,529.0,529.0,4.5,65,3,1587.0
20042464,XYXX,339.0,257.0,4.2,18,5,1285.0
17352320,ether,1099.0,1099.0,4.4,70,4,4396.0
17403950,Mast & Harbour,899.0,899.0,4.2,200,3,2697.0
8901821,UNDER ARMOUR,1999.0,1999.0,4.3,64,2,3998.0
18817326,Tommy Hilfiger,2799.0,2799.0,4.4,58,2,5598.0
8426447,WROGN,1599.0,1599.0,4.2,514,3,4797.0
20355284,Roadster,999.0,999.0,4.2,74,3,2997.0
18818696,Tommy Hilfiger,1999.0,1999.0,4.4,58,5,9995.0
9213113,Roadster,799.0,799.0,4.1,994,5,3995.0
13511732,Puma,3999.0,3999.0,4.4,167,2,7998.0
13615634,U.S. Polo Assn.,1699.0,1699.0,4.5,69,4,6796.0
13620624,Roadster,1399.0,1399.0,4.0,154,2,2798.0
13502414,Puma,1499.0,1499.0,4.3,327,4,5996.0
13621134,Roadster,1399.0,1399.0,4.1,312,4,5596.0
17686030,Allen Solly Tribe,1499.0,1499.0,4.3,23,5,7495.0
13616400,Arrow New York,899.0,674.0,4.8,13,1,674.0
13480864,Aeropostale,1199.0,1199.0,4.2,13,1,1199.0
13622338,Roadster,899.0,404.0,4.4,54,3,1212.0
16277914,Parx,1399.0,699.0,4.9,7,5,3495.0
16292318,Bewakoof,1399.0,549.0,4.2,17,4,2196.0
19201678,Tokyo Talkies,699.0,293.0,4.1,103,1,293.0
16923916,Monte Carlo,835.0,835.0,4.8,13,4,3340.0
20085320,BULLMER,3998.0,799.0,4.8,12,1,799.0
12987894,AMERICAN EAGLE OUTFITTERS,1799.0,359.0,4.4,5,1,359.0
12953958,Allen Solly,999.0,599.0,4.4,409,1,599.0
22629260,max,799.0,479.0,4.4,7,5,2395.0
19291812,Mad Over Print,1599.0,671.0,4.8,5,2,1342.0
19206288,FERANOID,1199.0,599.0,4.2,21,4,2396.0
19264534,Flying Machine,999.0,389.0,4.0,102,5,1945.0
16287616,Juniper,1299.0,636.0,4.3,346,5,3180.0
16287462,Juniper,1299.0,740.0,4.3,335,5,3700.0
16293014,Nayo,1199.0,683.0,4.2,514,5,3415.0
16293018,Nayo,1199.0,683.0,4.3,687,5,3415.0
17716590,Tommy Hilfiger,4299.0,4299.0,4.5,39,3,12897.0
9452773,Louis Philippe,1799.0,1799.0,4.3,401,4,7196.0
18864968,Lavie,1999.0,1999.0,4.4,21,5,9995.0
9029979,Hidesign,2595.0,2595.0,4.4,8,4,10380.0
16295388,LOUIS STITCH,4200.0,1050.0,4.4,10,3,3150.0
17981742,MVMT,20832.0,10416.0,4.5,11,3,31248.0
17697474,Timex,1995.0,1596.0,4.9,8,4,6384.0
8076639,French Connection,6250.0,6250.0,4.4,563,1,6250.0
21948792,Adwitiya Collection,9709.0,9709.0,4.1,7,2,19418.0
2466414,Daniel Klein,6950.0,3266.0,4.4,940,1,3266.0
11791782,CASIO,3595.0,3235.0,4.6,29,1,3235.0
19322504,V2A,1599.0,799.0,4.0,6,1,799.0
8481603,French Connection,6250.0,6250.0,4.5,149,5,31250.0
16896006,GUESS,8900.0,8900.0,5.0,22,3,26700.0
19280114,Fastrack,3295.0,2636.0,4.3,17,1,2636.0
